Trial,Feasibility
530,3.505996228323501
678,2.0218236508842944
724,5.129004861170422
772,8.799991926711215e-6
965,5.9163388534576
