entani論文のPerfectIncorporation,中心総和1のPerfectIncorporation,解の非唯一性考慮のPerfectIncorporation,entani論文のCommonGround,中心総和1のCommonGround,解の非唯一性考慮のCommonGround,entani論文のPartialIncorporation,中心総和1のPartialIncorporation,解の非唯一性考慮のPartialIncorporation
22.433366674972014,22.77590188402619,22.775901884026222,Error,Error,Error,22.433366674971825,22.775901884026222,22.77590188402623
24.410623786225315,25.777400577016415,25.777400577027738,Error,Error,Error,24.41062378622508,25.77740057702836,25.77740057702812
14.095603336535435,14.80104231330505,14.801042313305306,Error,Error,Error,14.095603336535486,14.801042313305327,14.80104231330537
15.263480124275214,15.263480124275413,15.263480124275281,Error,Error,Error,15.263480124275322,15.263480124275153,15.263480124275238
32.764314272897764,33.97390155804372,33.97390155804346,Error,Error,Error,32.76431427289758,33.97390155804373,33.97390155804372
