entani論文のPerfectIncorporation,中心総和1のPerfectIncorporation,解の非唯一性考慮のPerfectIncorporation,entani論文のCommonGround,中心総和1のCommonGround,解の非唯一性考慮のCommonGround,entani論文のPartialIncorporation,中心総和1のPartialIncorporation,解の非唯一性考慮のPartialIncorporation
17.458149909897386,17.847170252045675,17.85231183782507,Error,Error,Error,3.6358119623942176,3.253937984085679,2.6579171427614257
15.954495730897234,17.48226923021388,16.969971042353492,Error,Error,Error,7.008803767684234,8.092837215973564,8.165694324532293
19.55296658352819,20.07216100666828,19.883098040242707,Error,Error,Error,3.6970356060934275,3.570770296630731,3.83178429430929
17.12379594759637,18.73660701919939,18.78135491321538,Error,Error,Error,2.2271947529639937,3.404908554108402,2.680031758937461
22.782064440164334,40.620613389522944,25.249715937267656,Error,Error,Error,6.989591386427812,6.981203502478919,6.876384153422011
