entani論文のPerfectIncorporation,中心総和1のPerfectIncorporation,解の非唯一性考慮のPerfectIncorporation,entani論文のCommonGround,中心総和1のCommonGround,解の非唯一性考慮のCommonGround,entani論文のPartialIncorporation,中心総和1のPartialIncorporation,解の非唯一性考慮のPartialIncorporation
23.945821954832027,87.06381753388078,25.177961655816627,Error,Error,Error,4.975858074023068,6.343018130537575,2.9065403539309123
16.460834923617618,16.225783891187042,16.070145768740716,Error,Error,Error,3.046861509039439,5.030270511146355,4.689883031285239
23.656947756710426,147.72585933401916,24.644107415710636,Error,Error,Error,4.964239239940731,7.217492121400438,5.256222388636232
24.59376658763265,90.9461498706518,90.86412142825202,Error,Error,Error,4.9320616110922675,6.171386228456984,6.772367289816858
20.187561076927242,20.365036064868438,20.365036064868924,Error,Error,Error,1.6968331213885985,2.3851947163505542,1.6396016007982812
