Trial,PCM,t_L
1,1,1.0
1,2,1.0
1,3,1.0
2,1,1.0
2,2,1.0
2,3,1.0
3,1,1.0000000000000002
3,2,1.0000000000000002
3,3,1.0
4,1,1.0
4,2,1.0000000000000002
4,3,1.0
5,1,0.9999999999999998
5,2,1.0
5,3,0.9999999999999998
6,1,1.0
6,2,1.0
6,3,1.0000000000000002
7,1,1.0
7,2,1.0
7,3,1.0
8,1,1.0000000000000002
8,2,1.0000000000000002
8,3,1.0
9,1,1.0
9,2,1.0
9,3,1.0
10,1,1.0000000000000002
10,2,1.0000000000000002
10,3,0.9999999999999996
